features,model,rolling_val_rmse,test_2016_rmse,test_2020_rmse
paper features,paper protocol (logreg+ridge),3.3596207164681204,3.660438686655744,3.399409665310381
paper features,rolling protocol (none+rf),2.6702234076628693,3.573884935909433,3.0674355890834204
paper features,baseline linear (none+linear),3.5602388009234276,3.3059597067510906,3.4323039516593195
+ host flags,paper protocol (logreg+ridge),3.3581513043751503,3.857231836926201,3.40589686005092
+ host flags,rolling protocol (none+rf),2.7288565413819206,3.3757129122172835,3.092388513258436
+ host flags,baseline linear (none+linear),3.4926429658080704,3.6026932799292295,3.5051112796644195
log-scaled,paper protocol (logreg+ridge),3.574071518478299,3.780940504593167,3.6830948554112006
log-scaled,rolling protocol (none+rf),2.75513612752977,3.6087453497411537,2.989043885481215
log-scaled,baseline linear (none+linear),3.49700515237733,3.744807988833648,3.5686848793701467
log-scaled + host flags,paper protocol (logreg+ridge),3.5700491473389526,3.934728098813744,3.6785778671923626
log-scaled + host flags,rolling protocol (none+rf),2.6995050413591017,3.4878903941244297,2.858135190398745
log-scaled + host flags,baseline linear (none+linear),3.4785824266742327,3.8747456417613955,3.5469104678614243
