Country,Gold,Silver,Bronze,Total,ISO3
United States,39,41,33,113,USA
China,38,32,19,89,CHN
Japan,27,14,17,58,JPN
Great Britain,22,20,22,64,GBR
ROC,20,28,23,71,RUS
Australia,17,7,22,46,AUS
Netherlands,10,12,14,36,NLD
France,10,12,11,33,FRA
Germany,10,11,16,37,DEU
Italy,10,10,20,40,ITA
Canada,7,7,10,24,CAN
Brazil,7,6,8,21,BRA
New Zealand,7,6,7,20,NZL
Cuba,7,3,5,15,CUB
Hungary,6,7,7,20,HUN
South Korea,6,4,10,20,KOR
Poland,4,5,5,14,POL
Czech Republic,4,4,3,11,CZE
Kenya,4,4,2,10,KEN
Norway,4,2,2,8,NOR
Jamaica,4,1,4,9,JAM
Spain,3,8,6,17,ESP
Sweden,3,6,0,9,SWE
Switzerland,3,4,6,13,CHE
Denmark,3,4,4,11,DNK
Croatia,3,3,3,9,HRV
Iran,3,2,2,7,IRN
Serbia,3,1,4,8,SRB
Belgium,3,1,3,7,BEL
Bulgaria,3,1,2,6,BGR
Slovenia,3,1,1,5,SVN
Uzbekistan,3,0,2,5,UZB
Georgia,2,5,1,8,GEO
Chinese Taipei,2,4,6,12,TWN
Turkey,2,2,9,13,TUR
Greece,2,1,1,4,GRC
Uganda,2,1,1,4,UGA
Ecuador,2,1,0,3,ECU
Ireland,2,0,2,4,IRL
Israel,2,0,2,4,ISR
Qatar,2,0,1,3,QAT
Bahamas,2,0,0,2,BHS
Kosovo,2,0,0,2,XKX
Ukraine,1,6,12,19,UKR
Belarus,1,3,3,7,BLR
Romania,1,3,0,4,ROU
Venezuela,1,3,0,4,VEN
India,1,2,4,7,IND
Hong Kong,1,2,3,6,HKG
Philippines,1,2,1,4,PHL
Slovakia,1,2,1,4,SVK
South Africa,1,2,0,3,ZAF
Austria,1,1,5,7,AUT
Egypt,1,1,4,6,EGY
Indonesia,1,1,3,5,IDN
Ethiopia,1,1,2,4,ETH
Portugal,1,1,2,4,PRT
Tunisia,1,1,0,2,TUN
Estonia,1,0,1,2,EST
Fiji,1,0,1,2,FJI
Latvia,1,0,1,2,LVA
Thailand,1,0,1,2,THA
Bermuda,1,0,0,1,BMU
Morocco,1,0,0,1,MAR
Puerto Rico,1,0,0,1,PRI
Colombia,0,4,1,5,COL
Azerbaijan,0,3,4,7,AZE
Dominican Republic,0,3,2,5,DOM
Armenia,0,2,2,4,ARM
Kyrgyzstan,0,2,1,3,KGZ
Mongolia,0,1,3,4,MNG
Argentina,0,1,2,3,ARG
San Marino,0,1,2,3,SMR
Jordan,0,1,1,2,JOR
Malaysia,0,1,1,2,MYS
Nigeria,0,1,1,2,NGA
Bahrain,0,1,0,1,BHR
Lithuania,0,1,0,1,LTU
Namibia,0,1,0,1,NAM
North Macedonia,0,1,0,1,MKD
Saudi Arabia,0,1,0,1,SAU
Turkmenistan,0,1,0,1,TKM
Kazakhstan,0,0,8,8,KAZ
Mexico,0,0,4,4,MEX
Finland,0,0,2,2,FIN
Botswana,0,0,1,1,BWA
Burkina Faso,0,0,1,1,BFA
Ghana,0,0,1,1,GHA
Grenada,0,0,1,1,GRD
Ivory Coast,0,0,1,1,CIV
Kuwait,0,0,1,1,KWT
Moldova,0,0,1,1,MDA
Syria,0,0,1,1,SYR
